id;login;password_hash;first_name;last_name;email;image_url;activated;lang_key
1;indeed verbally kiss;pfft honestly like;Burley;Shanahan;Alize_Hirthe11@hotmail.com;than gee;false;provided
2;capital below;psst;Violette;Barrows-Renner;Zachery68@hotmail.com;for nor vibrant;true;with ew
3;unnecessarily hypothermia grateful;beneath;Rogelio;Leuschke-Kertzmann;Brandyn.Medhurst5@gmail.com;physical by castanet;false;pig swoon
4;nicely;bowl;Jermain;Hane-Conroy;Scarlett75@hotmail.com;incidentally twilight menu;true;slow bunch
5;pigeonhole;reproachfully;Ernesto;Doyle;Camryn_Durgan@yahoo.com;whether conceptualize friendly;true;fraternise
6;healthy busily fickle;till phew;Minerva;Borer;Triston.Smitham93@hotmail.com;yahoo primary curve;true;with separ
7;or confused;cheerfully;Tavares;Senger;Alex.Donnelly@yahoo.com;share fooey pace;true;bleach
8;massive;kindheartedly beneath even;Tressie;Little;Rolando36@gmail.com;equally fiercely;true;after kilt
9;into;meanwhile;Hadley;Christiansen;Koby_Nader35@gmail.com;hm;false;during
10;fooey revolving;adhere as drat;Christian;Murray;Julie93@gmail.com;ew which;true;aha ruck r
